Agency,Contact Person,Contact Number,Telephone Number,Email
FORTUNE BUDDIES CORPORATION,Fergal Takeo,09560430248,(033) 329 6235,thirdy1016@gmail.com
KOLIN PHILIPPINES INTERNATIONAL INC.,Anestis Jae-seong,09560430248,(033) 329 6236,thirdy1016@gmail.com
LUCKY GOLDSTAR,Ali Telemachos,09560430248,(033) 329 6237,thirdy1016@gmail.com
CONCEPCION MIDEA INC. PHILIPPINES,Alemu Amirani,09560430248,(033) 329 6238,thirdy1016@gmail.com
"TOSHIBA GLOBAL COMMERCE SOLUTIONS (PHILIPPINES), INC.",Brody Vincenc,09560430248,(033) 329 6239,thirdy1016@gmail.com
"G-8 MARKETING, INC.",Elisabet Linda,09560430248,(033) 329 6240,thirdy1016@gmail.com
"MATSUSHITA ELECTRIC INDUSTRIAL CO., LTD.",Apollonides Sezım,09560430248,(033) 329 6241,thirdy1016@gmail.com
SHARP CORPORATION,Aud Catrine,09560430248,(033) 329 6242,thirdy1016@gmail.com
SONY GROUP CORPORATION,Sigmund Tighe,09560430248,(033) 329 6243,thirdy1016@gmail.com
TCL SUN INC.,Dimo Tinúviel,09560430248,(033) 329 6244,thirdy1016@gmail.com
UNION GLOBAL MARKETING CORP.,Pátraic Josiane,09560430248,(033) 329 6245,thirdy1016@gmail.com
"MACLIN ELECTRONICS, INC.",Serhii Melik,09560430248,(033) 329 6246,thirdy1016@gmail.com
TRADEMASTER RESOURCES CORPORATION,Mavourneen Dagwood,09560430248,(033) 329 6247,thirdy1016@gmail.com
MITSUBISHI CORPORATION,Hulda Zyaire,09560430248,(033) 329 6248,thirdy1016@gmail.com
"TW & COMPANY, INC.",Timaios Prudentia,09560430248,(033) 329 6249,thirdy1016@gmail.com
SKYWORTH (PHILIPPINES) CORPORATION,Roger Abu,09560430248,(033) 329 6250,thirdy1016@gmail.com
CAMEL APPLIANCES MANUFACTURING CORPORATION,Deepak Silvinus,09560430248,(033) 329 6251,thirdy1016@gmail.com
DEWFOAM CORPORATION,Cadence Prakash,09560430248,(033) 329 6252,thirdy1016@gmail.com
"G8 MARKETING, INC.",Mhairi Wongani,09560430248,(033) 329 6253,thirdy1016@gmail.com
"CYA INDUSTRIES, INC.",Norman Väinö,09560430248,(033) 329 6254,thirdy1016@gmail.com
"MANDAUE FOAM INDUSTRIES, INC.",Wawrzyniec Akli,09560430248,(033) 329 6255,thirdy1016@gmail.com
SANDEN INTERNATIONAL PHILIPPINES INC.,Al Becci,09560430248,(033) 329 6256,thirdy1016@gmail.com
"APPSTAR GLOBAL DISTRIBUTORS, INC.",Ciarán Gulbrand,09560430248,(033) 329 6257,thirdy1016@gmail.com
RGC GROUP OF COMPANIES,Hristina Ganga,09560430248,(033) 329 6258,thirdy1016@gmail.com
"VIVO MOBILE COMMUNICATION CO., LTD.",Vera Agnes,09560430248,(033) 329 6259,thirdy1016@gmail.com
ENDFIELD INDUSTRIES,Endmin,09560430248,(033) 329 6259,thirdy1016@gmail.com
Wayne Industries,Firuzə Toutorīxs,09560430248,(033) 329 6259,thirdy1016@gmail.com
